SPEED_KMH,TIRE_BRAND_CODE,STOPPING_DISTANCE_M
35.2,5,22.11
12.7,5,2.32
74.9,4,53.38
111.5,2,111.87
68.8,4,49.31
78.0,4,67.54
11.8,2,9.13
78.2,1,81.0
141.9,3,178.15
129.1,1,162.93
112.2,3,117.9
25.2,2,12.12
135.1,1,154.46
130.0,5,160.45
33.1,1,20.6
98.5,5,99.92
12.9,1,10.7
26.3,4,6.7
54.3,4,34.95
32.1,2,21.79
116.3,1,128.0
124.6,5,129.67
58.2,2,44.99
54.6,4,44.67
25.6,2,19.3
21.8,4,15.92
109.8,5,110.15
93.9,3,86.55
17.8,5,12.53
77.2,5,66.61
66.2,3,48.49
128.7,4,159.6
110.5,2,126.16
94.3,1,103.86
87.3,4,71.41
142.9,3,202.44
148.1,4,188.02
57.3,2,39.15
43.6,1,22.53
121.5,4,127.67
18.9,3,6.26
61.0,2,42.4
19.8,1,13.2
54.7,4,31.82
19.9,4,7.44
50.6,2,43.9
120.6,5,136.39
136.8,1,172.69
121.0,1,157.71
88.7,4,85.4
96.2,4,93.77
60.6,5,44.44
33.6,4,23.25
71.1,3,64.47
112.6,5,116.41
18.8,4,4.54
12.9,5,5.26
117.9,1,114.83
52.0,2,37.72
108.2,3,106.22
112.9,2,120.69
140.6,4,167.14
66.0,3,59.3
60.2,4,52.78
122.9,1,139.47
117.0,3,137.36
101.4,1,104.4
123.5,1,149.15
99.9,1,114.02
144.0,3,182.52
56.7,5,45.32
113.4,4,121.83
143.0,1,193.96
56.8,5,43.07
95.6,3,90.69
61.2,5,46.25
74.6,1,60.49
20.5,5,11.76
12.7,3,4.97
116.4,5,125.72
73.4,4,63.24
97.2,1,99.47
113.6,5,120.81
68.6,2,50.4
61.5,5,56.98
33.7,2,25.58
121.1,3,132.49
126.6,3,128.1
112.8,4,124.77
132.5,1,134.85
100.7,3,112.41
107.4,2,116.0
37.0,5,25.14
117.5,4,119.31
56.8,2,44.92
71.3,4,64.95
54.6,3,47.57
89.6,4,89.1
102.2,5,114.89
90.6,1,91.85
54.5,4,34.37
40.5,2,25.27
128.3,2,140.14
52.3,5,29.49
71.4,2,44.27
22.8,4,7.85
52.1,2,36.79
22.0,3,15.35
58.1,5,39.35
109.3,1,113.0
146.4,2,204.11
97.5,4,81.83
47.7,5,28.45
101.9,5,103.55
97.8,1,91.18
125.6,5,138.67
84.7,2,85.55
137.6,1,180.85
68.2,2,63.04
50.0,4,31.83
82.7,1,70.62
139.1,1,177.36
111.3,2,118.31
79.1,5,73.32
79.6,3,65.6
100.8,2,110.37
72.7,4,49.56
87.1,1,87.45
146.0,3,207.5
140.5,5,177.96
127.7,4,163.2
27.8,1,8.26
87.9,4,79.23
61.3,4,37.9
137.7,4,174.15
53.9,2,41.78
140.3,2,153.05
43.4,1,29.65
68.9,4,54.24
144.4,3,207.66
93.4,4,93.53
140.5,5,177.39
85.4,1,82.79
41.9,1,28.91
109.8,3,115.5
83.0,4,64.6
80.8,5,62.62
29.1,1,19.1
30.3,1,19.15
140.1,2,170.5
143.8,1,168.28
145.2,3,184.51
60.1,3,39.61
16.4,2,9.63
87.5,1,85.76
113.1,3,113.21
100.7,3,99.57
17.4,1,5.91
42.6,3,30.23
108.8,4,122.74
17.7,5,14.63
128.5,2,145.94
148.5,4,196.64
44.7,2,29.07
17.6,5,4.09
147.2,3,192.04
117.4,1,127.92
73.6,4,64.34
77.0,2,64.47
138.2,1,157.94
59.8,1,49.15
17.4,2,7.04
96.0,5,103.93
53.8,3,38.52
105.4,5,116.55
142.7,5,163.75
60.5,2,49.38
44.6,3,34.76
17.4,1,4.75
126.4,2,154.02
21.0,4,14.65
143.3,5,183.13
108.9,3,112.24
137.6,3,168.62
124.0,3,129.29
36.7,5,25.57
34.6,1,8.97
144.6,4,201.22
50.7,5,39.35
120.7,4,146.01
33.9,2,22.24
51.9,5,32.05
104.3,5,102.46
44.8,5,31.51
115.3,3,126.6
133.1,4,160.17
54.9,4,43.84
51.8,3,41.89
13.9,4,11.35
69.2,1,50.54
19.2,5,13.94
90.5,3,94.24
106.3,2,116.35
89.6,2,82.98
94.5,3,88.92
94.0,4,88.06
136.4,1,170.3
84.3,2,74.57
130.6,5,152.49
59.3,2,33.64
29.7,1,18.6
41.1,1,34.07
121.1,5,128.52
42.2,5,36.2
118.2,3,148.87
136.4,2,170.92
86.2,3,96.07
30.1,3,17.68
97.3,2,107.6
63.1,5,49.5
137.2,1,157.54
41.3,4,29.11
42.8,2,36.71
77.5,2,62.13
79.1,4,78.45
36.3,2,18.03
62.4,4,44.89
103.5,2,112.87
75.9,2,64.47
18.4,5,13.03
68.1,5,64.07
68.2,1,54.88
72.7,5,59.57
13.3,2,8.03
48.4,1,41.26
143.1,4,179.41
133.6,1,159.97
141.7,4,185.38
116.2,3,146.77
70.8,3,54.61
141.3,5,173.88
52.1,1,38.43
93.1,5,92.48
92.2,5,111.92
71.7,3,53.14
45.1,4,25.32
56.3,1,42.09
100.0,3,106.04
49.8,4,32.44
58.5,1,39.28
59.6,2,49.58
55.5,4,36.28
126.0,4,151.08
86.4,3,86.88
12.6,4,5.12
113.8,4,127.9
80.3,2,68.65
119.0,4,145.85
79.2,5,67.88
53.5,1,38.83
127.5,4,161.47
34.3,1,22.43
49.0,1,35.21
77.8,4,63.85
130.4,1,143.84
26.1,3,15.04
57.4,1,51.36
84.5,1,86.91
105.0,2,118.52
24.7,1,13.75
115.7,5,123.81
88.0,3,88.08
82.4,2,72.88
63.3,5,59.4
54.1,5,33.42
134.7,4,168.46
149.1,4,205.06
34.5,3,18.23
39.6,3,31.8
103.4,4,114.84
117.0,3,129.88
125.2,4,149.5
52.3,5,44.26
39.3,4,23.35
20.2,4,11.44
62.7,5,50.56
88.7,4,67.18
132.2,2,157.03
14.6,1,11.1
22.6,4,11.57
101.4,4,100.0
104.0,4,121.41
27.4,5,11.61
23.5,1,9.04
13.9,5,6.73
100.8,4,102.18
49.2,2,38.88
43.7,3,26.18
103.0,1,111.62
26.9,1,16.11
85.1,5,87.59
22.7,4,11.23
19.2,4,7.3
103.6,2,115.73
120.8,2,124.85
74.7,3,75.12
66.3,4,64.77
108.2,2,102.34
20.6,3,5.09
49.0,2,39.07
136.7,2,161.49
142.9,3,186.64
15.4,3,7.07
10.4,5,7.84
117.5,1,127.97
73.3,4,60.79
116.7,5,125.08
100.0,3,112.69
72.7,2,57.63
109.4,3,130.91
94.6,5,96.2
12.2,1,5.27
75.3,1,51.94
133.5,1,142.82
119.2,3,142.92
101.7,5,98.85
97.0,1,94.86
124.3,2,140.63
50.8,1,35.88
65.2,4,51.73
98.3,3,85.98
124.9,1,132.0
55.0,1,47.27
33.6,1,22.57
48.1,4,39.32
71.5,5,66.58
23.8,2,15.79
98.0,5,102.89
135.5,4,144.29
57.9,5,44.57
143.9,3,176.26
68.7,5,63.64
85.0,3,81.67
146.7,2,185.47
109.4,4,118.59
80.8,1,69.5
115.6,4,130.47
76.3,5,63.45
111.0,2,133.08
41.1,5,29.85
20.8,1,8.61
93.9,5,88.6
83.3,3,82.67
74.5,5,61.37
26.4,1,13.54
140.8,2,182.88
25.6,2,12.98
145.4,5,180.02
54.5,4,40.94
49.5,5,35.12
141.6,3,151.17
144.5,2,199.7
108.1,3,95.76
143.7,2,178.07
34.5,5,23.88
129.9,3,163.44
96.5,1,102.9
51.4,1,37.7
93.5,2,90.02
25.3,2,14.84
120.9,2,157.43
99.9,5,104.09
25.0,1,9.74
40.8,2,28.24
50.8,2,38.61
76.3,5,84.97
42.3,3,28.72
51.7,1,34.58
87.2,3,86.41
30.6,4,23.6
115.5,1,118.46
73.1,3,65.81
67.0,5,46.93
90.3,2,88.11
32.1,3,26.06
134.8,3,150.89
26.1,5,16.89
86.6,1,86.19
145.1,2,181.42
29.5,4,10.57
107.8,2,106.76
146.5,5,197.49
149.4,3,176.62
58.7,2,45.34
97.6,5,87.69
141.9,5,165.73
97.4,3,106.22
132.2,2,161.69
107.7,5,110.51
15.2,2,2.83
