VIDEO_LENGTH_MIN,THUMBNAIL_CTR_PCT,UPLOAD_HOUR,EDITING_HOURS,SUBSCRIBER_COUNT_K,TAGS_COUNT,VIEWS_K
12.3,7.86,11,4.1,25.1,24,85.3
12.0,13.39,16,7.7,3.1,5,135.7
21.0,7.23,10,2.1,77.0,12,188.1
6.4,3.43,6,7.4,24.3,25,96.2
11.4,9.74,19,3.3,75.6,19,204.5
11.2,4.95,7,9.5,14.8,16,111.9
9.1,10.76,0,8.8,57.1,17,197.9
24.4,9.81,21,14.2,35.8,26,216.1
17.9,7.06,10,11.5,4.3,10,34.1
10.0,5.19,2,10.6,70.8,3,208.9
6.3,5.82,8,4.1,57.4,21,144.2
13.1,8.17,20,6.2,124.6,29,292.4
9.9,8.95,21,8.3,40.3,14,169.7
4.2,5.59,21,3.7,10.6,22,103.4
17.5,3.86,4,2.2,8.6,29,57.9
19.3,3.41,11,1.7,21.5,22,46.7
26.5,4.85,7,5.6,11.6,21,25.1
22.4,4.79,5,2.8,8.5,29,43.9
15.5,6.6,20,4.2,96.5,7,236.6
23.0,4.16,21,2.2,29.6,25,51.5
14.3,7.26,13,4.4,10.9,21,72.4
14.2,3.4,22,10.4,5.8,21,77.5
10.1,4.83,8,1.1,259.4,11,501.0
29.8,7.54,5,3.6,9.9,14,46.2
10.9,5.91,16,6.3,20.9,7,85.3
7.2,5.91,12,8.7,31.0,28,110.8
10.6,11.07,3,3.9,11.9,5,122.0
18.3,0.5,14,11.2,94.7,26,189.7
6.7,7.57,21,2.4,23.2,28,115.9
18.5,4.74,8,2.7,6.9,18,80.5
11.0,10.99,21,5.7,48.2,8,179.2
27.8,8.3,5,5.0,24.1,8,90.9
10.3,6.17,16,3.1,57.6,10,95.4
10.2,6.0,23,2.6,10.8,12,97.0
10.0,4.95,20,6.9,20.0,20,118.3
11.9,7.34,22,8.9,15.4,22,81.9
11.1,5.83,16,0.5,14.5,27,93.9
14.6,6.15,6,2.5,1.8,23,90.6
15.8,6.86,13,2.3,4.4,13,95.0
42.7,7.31,17,1.6,22.1,27,59.0
16.8,4.45,7,6.5,38.2,16,141.1
9.6,8.2,2,8.7,32.5,9,105.0
15.7,6.52,9,1.6,15.6,17,103.6
26.3,7.86,4,3.3,99.9,28,267.2
18.5,7.91,3,3.5,109.2,7,256.5
11.8,5.26,15,5.2,78.9,4,260.8
6.7,5.56,7,7.5,13.0,22,79.6
10.4,6.54,4,1.4,53.4,6,90.8
30.5,5.91,18,1.2,57.0,20,115.5
8.7,5.73,3,1.4,28.3,21,154.5
40.3,3.89,7,2.8,88.7,23,138.2
20.1,7.87,23,6.2,90.7,7,204.6
8.5,7.32,22,3.1,18.2,14,73.7
18.3,4.27,13,1.1,95.4,9,190.8
17.8,6.74,17,6.2,134.0,29,308.2
6.6,7.91,18,10.4,78.5,20,250.5
7.7,6.55,10,9.8,7.7,29,144.3
7.4,5.81,7,5.9,230.0,19,526.9
15.0,10.47,22,6.4,38.4,3,159.1
12.9,3.7,16,2.5,6.6,16,39.5
7.3,9.4,16,4.5,41.8,15,145.1
9.4,8.93,1,9.0,155.1,13,318.1
7.4,5.63,8,6.5,36.2,7,129.3
4.1,3.51,11,8.4,23.3,15,114.0
14.7,4.62,19,6.8,79.5,8,168.9
8.2,4.14,22,8.9,8.1,5,129.2
8.7,5.79,17,3.0,4.5,27,58.4
4.7,6.66,17,2.1,18.1,19,114.1
12.5,4.39,13,7.4,42.0,23,104.7
9.4,7.31,16,10.8,43.1,28,190.3
7.0,0.75,6,12.6,28.3,11,67.1
16.8,6.54,14,7.5,24.0,6,112.9
10.5,7.74,18,3.8,8.2,7,101.6
10.9,3.71,13,5.9,15.1,27,91.6
16.4,10.3,22,2.0,53.8,10,176.5
6.8,4.11,16,4.9,24.2,25,126.3
16.9,8.55,3,4.4,30.7,25,114.0
17.4,7.11,5,1.2,10.7,26,65.5
12.0,8.01,17,6.1,131.6,18,288.9
16.6,7.59,0,2.9,3.1,14,103.8
11.9,9.86,2,2.7,21.1,21,115.1
6.8,5.61,4,8.5,6.7,10,95.5
17.8,6.23,21,6.9,14.8,23,70.9
13.3,5.05,23,1.4,59.7,15,134.7
16.1,5.79,8,1.0,106.0,21,223.0
26.0,4.13,10,5.5,32.4,17,107.8
5.1,4.89,2,1.8,14.1,6,26.2
10.4,1.99,20,8.0,7.1,19,17.6
20.3,5.44,15,2.2,54.5,19,136.6
7.1,4.03,18,7.2,2.5,27,23.1
11.9,11.48,14,3.4,20.3,15,141.7
17.2,6.02,1,6.7,4.3,3,40.9
20.0,9.26,19,1.2,22.7,28,65.0
13.0,6.32,18,4.1,57.2,26,142.0
5.4,5.22,23,7.4,5.7,19,95.5
5.9,5.71,21,2.0,5.1,16,42.0
8.3,8.56,21,1.3,44.8,24,142.0
8.3,10.0,21,1.9,10.9,24,93.0
7.8,2.89,18,1.5,9.7,18,47.9
5.0,6.69,19,4.0,182.8,12,384.5
11.1,3.77,16,5.4,20.9,8,135.3
9.2,6.04,4,10.6,26.6,17,129.9
12.9,6.93,6,0.8,11.5,3,76.8
5.3,3.16,3,9.1,270.2,15,515.1
8.0,8.1,9,3.8,23.8,15,114.0
14.6,6.33,18,2.1,30.1,7,104.8
15.8,8.47,19,1.3,18.8,7,54.9
19.5,5.02,13,1.3,63.1,26,142.1
16.0,7.78,16,5.5,121.4,8,289.7
39.8,7.84,11,9.1,41.1,23,137.6
8.8,8.13,21,7.1,3.1,24,54.8
17.1,5.86,17,1.5,7.2,6,50.1
14.3,5.79,5,2.8,43.0,8,120.9
31.3,7.1,9,7.7,164.3,17,331.6
15.6,1.92,13,4.8,15.2,24,41.1
15.0,5.34,14,10.7,111.5,14,244.1
16.3,4.65,1,2.4,127.8,29,245.8
21.3,4.67,10,4.9,6.4,8,1.0
5.4,4.7,12,6.9,2.1,28,70.8
12.1,6.56,18,4.0,31.8,18,133.6
10.9,6.6,0,5.4,12.0,4,122.7
10.1,5.03,2,0.5,24.0,26,71.3
18.3,6.53,6,1.0,19.6,14,30.6
13.6,6.78,3,0.6,10.5,10,76.8
3.5,5.37,11,3.5,17.2,24,109.8
9.1,9.84,23,7.9,87.6,12,261.6
4.1,4.54,21,6.3,36.5,4,115.1
24.1,6.9,6,3.7,14.2,19,69.8
12.4,6.39,0,9.3,4.1,9,129.1
26.5,6.46,14,3.6,11.7,22,73.1
13.9,5.51,13,6.2,30.1,5,94.3
11.6,7.46,0,5.4,126.6,4,311.6
9.0,4.94,14,2.4,28.6,13,61.2
13.2,5.26,18,2.8,31.6,19,111.6
26.7,4.6,2,2.6,67.1,23,90.0
17.9,11.34,18,7.2,20.9,14,109.8
24.0,3.9,5,1.1,23.7,7,71.4
4.2,5.22,17,4.2,74.9,5,163.0
9.4,6.71,12,5.8,20.0,9,115.4
12.6,7.28,18,6.5,5.5,27,91.8
10.5,9.69,23,4.9,8.1,4,92.6
7.4,4.91,1,11.6,11.5,11,47.0
11.4,6.88,16,5.3,13.8,21,84.4
9.7,7.16,1,8.4,17.3,4,79.9
11.7,8.66,23,2.3,29.8,7,127.6
11.8,1.19,15,5.6,15.9,13,3.6
8.3,8.09,2,19.3,17.4,11,142.9
15.2,6.16,3,1.2,23.8,24,72.9
6.8,3.04,23,6.9,7.3,8,38.6
28.8,2.77,0,0.8,51.6,17,48.1
10.4,5.18,2,8.5,8.8,7,102.1
15.1,5.05,9,5.4,76.5,10,205.4
13.0,12.6,12,6.6,41.4,12,195.2
7.3,5.87,18,6.7,24.3,13,148.9
13.1,5.29,21,2.7,72.4,21,150.7
22.7,5.47,20,7.2,23.3,21,38.4
3.1,7.9,16,2.6,23.0,7,116.8
15.4,7.37,10,5.5,17.9,5,64.8
30.1,5.05,22,1.0,10.3,25,6.5
10.9,5.77,21,4.3,81.1,6,242.2
19.7,9.1,10,5.4,25.3,19,108.7
19.1,3.97,20,1.9,51.0,10,81.9
12.2,3.5,4,7.8,51.9,15,116.5
16.7,1.64,10,3.7,14.1,22,39.4
12.8,8.37,6,4.4,185.2,25,442.6
16.2,6.44,3,2.3,43.1,22,112.3
8.7,2.51,14,3.1,56.1,14,125.6
16.1,8.04,16,1.1,2.9,8,41.3
17.5,6.25,15,4.9,72.5,5,279.7
16.8,2.65,19,6.3,61.5,26,105.8
9.0,10.5,4,1.5,2.0,26,111.2
7.4,2.63,23,6.6,45.4,6,118.3
17.4,3.1,6,2.7,40.1,27,43.7
11.7,3.76,18,3.2,90.6,23,177.2
26.1,7.36,18,4.1,19.5,27,58.5
16.6,8.68,18,0.7,2.6,21,49.3
10.6,4.34,21,4.2,43.6,28,168.7
32.4,7.07,14,5.1,18.7,8,47.1
23.3,5.32,18,1.1,60.9,29,156.7
8.9,4.35,11,1.0,77.7,4,165.4
30.0,4.46,2,1.6,16.2,13,22.2
6.7,7.73,1,2.8,14.6,26,48.5
17.6,2.47,11,4.2,1.1,3,19.3
9.0,7.98,15,5.7,97.1,7,287.8
8.6,5.45,21,11.1,85.1,24,237.1
13.3,5.05,7,2.2,68.0,5,178.1
15.4,4.82,7,2.2,38.6,19,89.0
9.8,4.12,0,3.1,16.9,7,37.9
24.1,5.45,17,4.3,92.4,15,225.4
16.8,3.48,7,2.1,10.1,24,21.3
20.7,6.42,22,3.9,18.8,28,76.2
8.7,11.32,9,5.6,47.1,19,230.0
20.5,5.52,17,6.1,19.0,12,70.2
6.5,7.9,11,3.2,32.4,23,108.6
24.1,8.17,22,6.8,42.7,7,132.9
5.6,8.56,19,2.9,65.4,12,227.9
8.2,5.87,12,3.9,1.7,10,4.3
7.0,4.81,23,8.4,35.7,10,112.5
9.2,10.12,17,1.5,3.2,26,112.6
5.4,4.95,13,7.7,149.1,13,313.1
4.3,9.85,4,1.9,22.3,13,158.5
10.0,9.61,14,4.8,28.7,21,105.5
16.0,7.46,21,5.8,68.6,10,212.1
13.8,6.63,19,9.3,71.1,19,201.4
12.3,5.43,9,11.1,2.5,17,63.4
13.7,6.28,17,1.8,112.4,4,244.0
5.3,4.13,10,2.1,34.8,18,105.8
15.5,7.83,4,12.5,107.3,27,256.9
14.1,3.56,0,5.3,53.8,17,144.8
26.0,5.02,3,2.6,2.8,17,23.7
16.6,5.33,5,3.8,3.4,17,43.4
21.1,5.95,9,10.5,66.4,18,160.8
9.0,2.57,8,5.1,32.4,14,116.3
5.7,5.87,11,4.5,6.9,25,92.8
18.6,6.51,12,2.3,31.7,22,84.1
11.9,4.9,18,3.3,5.8,8,53.6
17.4,4.23,21,8.6,80.8,16,226.6
31.6,5.46,2,7.3,11.2,20,41.5
24.9,6.11,4,4.0,86.2,11,187.8
16.7,7.05,13,4.4,6.0,29,83.1
11.4,7.5,10,3.6,133.7,6,274.2
16.9,3.54,11,3.1,144.6,3,272.7
11.6,7.68,13,6.7,10.1,7,87.3
7.3,6.54,18,3.8,19.2,19,90.4
19.2,9.48,0,1.9,53.9,21,152.2
15.6,6.09,21,1.9,18.9,14,140.9
4.8,6.35,23,2.9,143.5,16,331.8
22.8,3.96,23,1.8,44.9,25,86.9
25.3,5.08,20,4.1,31.6,17,116.7
7.9,3.85,22,4.5,67.4,13,148.8
7.6,5.85,17,0.8,30.6,8,90.5
4.8,5.67,3,10.9,11.9,17,102.5
9.0,6.29,2,5.5,34.2,5,79.8
10.0,10.64,19,6.9,15.5,7,141.7
8.9,3.07,11,1.4,44.4,12,68.6
15.7,7.16,4,5.7,27.4,3,115.7
13.6,6.64,15,2.9,53.4,8,151.6
32.6,7.85,13,6.9,83.9,7,196.7
6.9,6.95,19,2.2,31.5,11,117.5
8.5,4.65,13,6.7,16.0,19,116.7
12.4,6.98,10,3.5,44.6,14,110.3
9.8,3.04,3,1.9,15.8,17,51.9
17.8,2.88,20,3.8,71.5,28,140.5
14.5,3.32,10,9.0,104.5,18,216.0
9.0,6.14,4,3.6,87.1,28,188.4
18.5,5.95,16,3.3,9.1,20,40.5
18.0,6.35,17,6.1,28.9,15,105.4
21.4,7.54,12,8.3,56.9,25,190.0
8.0,4.31,20,4.0,3.4,19,0.1
15.0,2.2,1,7.8,33.0,18,88.0
12.7,11.2,7,7.1,67.6,23,246.7
9.5,9.52,15,3.7,117.5,22,309.8
20.2,3.04,11,0.8,47.2,8,83.7
29.1,7.1,1,3.3,8.4,27,44.9
27.3,2.37,15,9.2,77.5,19,180.5
7.0,8.56,14,4.0,21.8,22,133.1
21.7,8.83,23,3.4,23.0,5,75.2
15.0,7.97,12,5.4,68.6,3,128.4
8.2,6.52,0,5.8,3.9,13,50.8
21.1,10.16,22,0.9,69.7,10,195.7
11.9,5.4,18,7.5,16.2,10,65.2
12.7,3.47,9,2.2,12.4,18,68.3
20.3,5.24,7,3.9,4.2,12,22.7
14.2,5.07,1,7.5,3.4,3,84.3
6.8,8.9,11,4.8,66.9,6,193.4
8.0,6.03,13,5.4,20.6,3,76.6
9.5,8.99,18,1.6,5.3,7,78.3
11.4,3.0,10,2.6,18.6,25,59.1
16.6,10.95,11,7.3,1.3,25,144.5
13.6,8.36,13,2.3,8.7,25,64.0
6.5,4.92,11,3.9,7.8,25,56.8
5.3,6.96,2,5.3,40.1,29,152.0
10.7,6.52,16,4.4,58.3,17,165.1
17.1,6.03,5,6.1,88.1,7,181.3
6.9,4.44,21,9.5,1.8,12,68.4
13.4,6.89,0,15.5,26.6,24,112.1
36.0,6.9,21,2.0,16.4,22,40.2
7.6,6.71,9,1.6,2.9,8,9.2
22.5,4.63,10,4.6,6.1,25,21.4
10.9,2.73,9,1.1,3.3,13,34.7
13.7,0.5,4,4.7,5.7,6,17.8
7.6,4.43,7,6.6,35.7,6,93.6
29.9,7.2,21,4.8,6.8,12,36.8
5.1,5.71,5,4.3,44.7,14,133.1
10.0,7.92,7,3.7,86.3,14,245.5
13.5,6.78,18,2.2,7.0,16,76.6
8.2,7.34,7,7.0,8.8,12,102.0
5.8,1.15,7,6.2,1.6,28,25.6
44.4,10.0,0,2.2,7.1,3,25.6
11.5,8.34,8,3.0,31.3,9,99.8
19.9,8.02,10,0.8,16.1,26,93.6
25.1,4.57,19,0.6,46.7,18,107.0
11.0,8.25,17,2.3,19.3,10,140.8
9.9,4.61,7,2.6,14.7,28,30.0
4.6,4.98,16,6.1,2.4,15,17.8
25.1,2.28,15,3.5,15.2,22,0.1
22.4,3.56,11,1.5,1.5,13,26.6
14.4,3.41,15,8.0,48.0,19,112.4
40.5,6.67,23,6.3,8.6,16,0.1
7.0,10.09,19,5.5,83.5,24,259.3
24.5,9.5,12,2.0,21.1,16,122.1
8.5,6.12,14,4.0,4.0,28,9.0
5.4,2.7,14,3.8,4.0,11,47.7
12.7,7.55,22,2.3,23.8,26,138.9
5.3,7.0,17,1.5,7.7,20,43.5
11.5,3.99,11,7.5,12.6,10,125.3
8.0,6.7,5,4.1,85.8,24,251.3
9.2,7.56,7,11.0,6.2,13,124.9
8.1,4.75,5,7.8,31.1,18,114.3
9.0,9.17,21,4.6,41.9,29,190.9
21.6,9.77,20,0.5,73.0,20,162.3
20.0,9.07,3,5.9,44.7,7,188.0
12.7,5.66,22,2.8,3.4,19,63.8
9.2,11.81,18,2.8,87.6,24,261.1
12.6,4.41,21,9.9,1.6,10,66.3
7.8,8.14,12,8.1,1.4,14,84.7
19.5,9.16,17,2.7,15.5,27,67.1
14.2,9.42,22,1.8,29.2,9,144.0
12.6,5.95,13,4.3,34.1,20,123.0
13.2,1.27,18,4.6,53.7,12,86.5
3.6,2.78,13,11.2,3.5,10,67.3
5.7,2.02,21,1.1,5.7,23,0.1
8.8,7.07,16,3.8,22.5,7,109.6
20.2,4.76,5,0.7,18.3,10,50.4
9.0,6.16,9,6.4,49.1,7,117.0
17.8,5.91,22,4.5,2.1,18,48.8
15.4,2.84,23,2.0,2.1,4,34.3
12.0,1.54,12,11.4,1.6,3,49.2
6.3,8.33,21,11.4,7.5,5,111.0
5.0,6.25,21,1.5,1.1,21,89.5
10.7,8.0,22,4.9,20.3,12,106.8
19.4,5.9,10,4.5,8.9,6,9.0
4.4,10.3,11,1.3,2.1,22,116.5
38.0,8.43,2,6.0,18.4,25,77.7
11.8,8.05,6,7.8,7.9,12,116.9
34.8,4.15,16,6.0,51.8,29,91.3
9.3,5.67,9,6.8,65.2,29,184.3
5.5,9.11,3,6.2,3.4,26,69.8
5.2,6.24,16,2.8,25.3,11,123.4
16.6,3.51,3,5.5,33.2,23,77.8
7.3,7.11,14,1.2,89.8,14,243.1
13.2,5.42,1,4.1,20.6,29,79.4
10.1,7.98,21,1.8,15.4,5,61.9
10.4,8.14,7,3.9,36.2,6,127.9
5.1,6.62,23,0.8,45.7,25,122.7
17.9,5.43,21,9.0,67.8,7,178.3
5.9,6.38,20,7.4,5.1,21,81.1
5.8,7.26,12,10.4,69.0,8,250.1
6.5,8.9,11,3.1,75.2,25,221.2
5.6,4.21,2,7.1,7.6,25,93.4
15.4,7.23,4,4.7,59.3,16,174.7
15.8,6.14,13,10.0,34.7,28,99.8
15.0,7.61,8,2.8,184.8,5,384.5
11.8,8.7,6,8.9,17.8,19,156.0
9.0,8.16,19,11.3,60.7,22,174.9
29.5,5.24,15,1.8,25.4,5,55.2
9.5,4.17,15,3.4,56.0,3,139.4
8.7,9.33,2,1.9,56.1,26,190.2
6.8,8.26,19,7.1,6.4,9,133.4
14.5,7.83,7,9.8,58.2,7,192.8
15.3,8.86,8,6.0,27.2,10,149.2
12.4,6.01,1,7.2,43.9,21,129.2
11.3,6.53,4,7.4,36.5,11,163.7
16.9,8.14,23,4.9,14.0,25,85.4
14.9,6.25,15,10.2,5.3,12,105.7
15.0,3.17,21,4.8,14.2,6,38.2
5.8,6.44,19,8.5,19.8,17,115.2
23.9,9.17,18,0.9,43.3,8,99.2
11.5,7.91,19,3.6,76.7,19,211.2
31.3,8.21,12,2.6,12.9,6,101.9
7.9,3.97,0,3.9,43.2,17,99.1
28.4,3.43,6,11.1,18.1,24,72.6
10.9,6.7,10,2.3,25.7,9,119.6
20.7,2.7,15,4.2,2.4,18,65.8
18.3,5.19,17,3.9,2.0,6,76.1
6.2,7.03,17,4.1,2.2,9,28.4
7.1,2.42,7,3.5,19.3,10,75.1
11.9,8.33,6,1.7,8.3,27,86.4
16.3,10.46,1,7.0,101.9,12,310.8
14.6,5.68,2,2.9,10.4,6,59.7
14.1,5.78,21,1.8,23.2,13,101.6
16.1,8.12,19,9.2,4.9,3,87.0
12.0,6.12,18,3.0,102.3,5,220.7
10.9,7.41,15,5.2,7.1,7,93.3
5.8,4.93,9,8.2,15.7,5,82.6
20.9,7.07,21,4.9,36.5,25,203.1
19.9,7.11,2,13.5,4.2,21,79.4
30.2,8.04,18,11.8,28.1,23,152.6
16.8,7.34,15,5.5,64.7,20,188.1
8.1,4.01,21,3.0,12.1,14,39.5
8.6,7.34,21,5.4,20.0,22,78.0
14.0,8.27,16,3.1,28.8,13,100.2
14.1,4.96,13,3.5,86.8,10,160.6
32.8,4.17,2,3.0,47.9,15,108.9
8.9,3.74,23,4.7,22.7,12,117.4
13.0,3.28,21,3.9,89.5,5,202.8
14.3,8.45,0,5.3,58.3,27,170.5
14.9,7.37,15,4.9,6.2,24,58.9
23.8,7.97,16,3.1,1.4,6,75.3
14.0,7.11,16,6.5,41.4,4,122.6
21.0,4.86,17,3.9,11.2,23,5.2
19.4,4.72,2,3.3,16.9,18,48.9
16.8,10.16,19,2.0,60.3,29,162.5
16.7,3.55,3,10.7,98.2,11,199.0
16.7,9.89,14,2.2,63.2,23,225.3
11.6,6.42,16,2.5,20.2,19,98.4
20.2,6.31,6,5.6,13.3,14,81.9
8.0,11.08,23,1.8,1.1,5,119.5
17.6,5.0,9,4.9,12.7,16,71.1
12.8,5.01,12,2.1,15.9,25,81.7
7.6,6.32,8,3.8,59.6,12,167.4
20.3,5.98,4,6.7,25.2,10,75.0
12.8,9.09,3,11.6,84.3,19,292.4
12.2,6.93,2,10.7,61.2,5,220.8
10.3,5.92,12,5.9,40.3,28,150.6
17.5,9.25,1,3.5,49.8,11,142.9
7.7,7.07,21,0.5,59.5,4,200.8
13.2,3.04,9,3.0,17.0,8,62.9
20.3,5.83,10,11.3,5.4,22,57.6
9.1,5.92,12,2.5,18.6,12,77.6
16.7,8.3,19,7.5,49.0,28,177.5
11.0,5.96,7,3.5,4.9,14,80.3
7.9,6.76,15,2.8,30.1,18,88.3
12.8,6.91,13,6.1,50.7,26,195.9
15.5,2.23,23,1.9,29.6,9,51.2
21.9,4.49,18,2.4,118.1,15,247.6
14.9,4.87,13,8.0,142.9,15,333.7
9.7,2.12,10,5.2,72.3,27,180.0
14.6,3.47,12,7.2,10.9,9,111.1
11.9,4.51,21,3.0,3.0,21,37.2
24.3,5.88,23,5.4,7.2,22,73.3
10.8,5.08,7,5.4,37.0,4,130.1
6.8,5.15,22,6.3,12.9,29,99.0
9.4,9.56,11,2.4,39.5,24,154.3
12.4,8.06,9,6.2,32.8,26,151.5
14.0,3.71,0,2.4,7.5,9,6.2
30.6,6.05,5,2.1,24.9,24,61.8
24.1,6.47,17,2.7,7.2,8,60.1
4.6,5.71,2,9.4,126.1,17,334.8
11.9,9.5,5,6.5,55.2,24,195.0
15.7,8.71,3,6.5,13.4,8,56.3
3.7,1.03,14,5.0,64.2,8,108.7
7.1,5.77,6,5.8,28.6,23,132.0
12.7,6.68,16,6.0,19.9,11,56.5
9.9,6.98,17,8.2,9.0,21,68.7
13.6,8.5,21,1.8,26.5,24,112.3
5.3,4.91,17,5.5,4.2,28,60.4
16.0,4.82,3,4.6,42.0,27,57.8
21.7,5.38,13,7.1,54.3,23,172.1
7.2,6.02,5,8.0,16.9,7,139.8
26.9,5.28,20,5.4,16.4,17,72.5
6.7,3.81,7,1.3,3.1,5,21.6
9.8,4.75,3,4.1,41.8,14,112.5
12.9,1.65,0,4.9,37.7,15,78.6
13.6,7.3,0,3.3,106.4,7,219.5
15.5,8.44,17,1.7,2.7,25,40.2
8.6,2.99,7,8.1,27.8,6,77.4
8.1,8.44,21,1.6,58.0,27,192.0
8.0,7.73,13,2.0,23.7,26,138.4
23.9,3.65,8,4.3,8.2,23,30.6
25.4,9.06,6,2.5,18.3,12,73.4
15.3,11.06,9,1.7,44.2,17,185.8
20.3,9.47,12,12.2,21.6,3,157.0
12.4,8.12,13,9.5,8.9,8,103.5
16.1,8.33,14,4.3,16.7,9,93.8
10.9,2.32,2,3.3,8.3,22,58.4
15.4,4.17,18,4.8,26.3,27,77.5
23.6,7.14,2,5.4,17.2,26,103.9
13.7,5.33,18,2.1,14.3,24,24.0
18.5,5.98,5,0.9,26.4,5,75.5
6.1,7.42,18,2.3,3.2,4,92.9
14.3,3.7,12,1.8,21.1,8,85.8
8.2,3.45,6,2.9,6.2,3,47.7
8.2,4.66,23,11.1,55.0,28,135.0
12.4,4.89,8,4.7,49.8,17,122.7
14.5,4.5,13,3.9,43.9,29,126.8
14.7,5.34,22,5.7,4.4,25,39.7
15.6,1.48,21,9.0,8.8,22,81.8
5.3,5.95,3,1.6,43.0,25,171.1
12.6,7.73,20,3.2,5.5,12,42.3
12.4,3.91,6,1.4,19.7,25,17.5
20.6,4.15,23,13.3,34.6,12,107.2
4.2,4.71,21,5.4,105.6,16,252.1
8.9,7.87,15,2.9,269.3,3,585.8
17.2,7.11,23,4.1,48.3,11,168.4
9.9,4.29,6,6.7,189.3,26,378.7
17.6,6.8,7,8.8,19.5,3,140.3
11.1,4.76,1,3.2,17.9,20,63.2
14.6,5.51,6,1.7,3.9,6,21.4
3.2,6.01,4,4.5,113.3,16,257.4
16.6,8.51,13,10.2,80.8,15,231.0
8.5,7.6,4,2.4,95.3,15,229.3
20.1,7.34,8,2.0,74.3,16,221.0
13.8,12.08,17,7.7,33.5,9,172.9
15.6,7.03,19,5.2,17.0,26,99.2
8.0,6.38,19,2.6,26.6,25,126.1
18.2,3.72,4,2.7,169.7,25,298.0
21.7,7.9,23,4.2,11.4,12,80.5
31.7,6.31,3,3.4,49.4,29,140.6
11.1,5.75,19,6.2,28.4,18,157.0
17.0,6.63,6,6.3,86.4,14,188.0
16.2,3.64,23,3.1,6.0,15,22.5
19.4,4.25,17,8.3,1.7,3,8.8
8.8,2.4,13,7.1,93.4,14,233.3
13.1,8.47,19,2.8,1.5,8,53.2
7.2,4.75,20,6.2,29.9,19,98.0
25.9,4.44,20,7.2,7.2,8,65.8
29.3,5.27,22,6.4,4.6,29,0.1
16.2,6.17,0,2.8,15.2,8,69.0
10.2,7.33,5,2.8,7.0,24,89.8
9.8,6.3,8,12.7,68.5,14,195.3
13.9,6.05,10,2.1,70.1,20,186.0
9.0,6.75,21,11.8,31.5,26,154.1
12.7,5.64,5,1.4,7.9,20,27.1
9.1,6.09,13,1.6,23.0,29,83.5
7.2,6.48,2,1.7,36.6,29,75.7
6.9,5.19,20,1.6,111.6,13,259.9
5.7,2.52,3,4.3,6.2,28,33.7
10.4,3.47,23,6.1,12.9,20,56.9
10.1,7.27,4,3.1,38.2,8,180.0
18.1,3.52,13,5.8,32.0,24,85.3
9.2,4.61,16,3.8,49.7,6,170.4
6.8,7.38,2,7.6,12.2,11,65.0
13.0,7.07,19,4.1,42.3,23,142.1
27.2,6.57,12,3.9,20.6,10,55.5
7.6,8.05,2,4.6,98.7,6,292.8
17.2,1.82,9,4.3,149.9,15,289.7
8.1,4.34,22,11.7,18.7,24,101.4
19.1,4.9,3,6.1,18.3,6,57.1
8.5,7.54,19,1.2,1.5,28,65.5
13.0,5.17,5,4.7,34.8,10,118.4
7.4,4.27,11,4.5,54.5,26,143.6
11.2,2.88,0,6.9,4.8,6,65.4
7.4,6.86,9,4.3,15.9,20,75.7
9.4,9.05,19,6.1,9.9,4,89.8
17.0,8.66,17,3.6,20.1,3,97.1
12.8,7.48,18,5.7,14.4,29,118.3
10.2,5.69,2,3.9,41.6,11,125.6
6.0,4.9,5,3.4,14.0,6,106.6
9.4,2.84,3,3.0,12.6,4,13.5
10.3,3.81,17,3.3,19.6,8,40.9
17.4,6.81,23,7.2,71.3,12,193.6
10.0,2.66,8,5.0,19.4,5,22.2
9.1,10.66,22,6.9,20.7,19,205.5
21.6,3.67,7,6.8,7.8,15,61.0
9.2,9.09,20,2.3,49.8,7,169.1
5.1,1.14,5,3.6,2.6,3,17.4
8.9,4.92,14,5.0,57.7,14,162.6
12.9,6.29,4,7.6,23.6,12,161.2
17.9,9.03,10,1.3,8.4,6,70.7
6.5,8.6,12,3.5,12.1,25,116.4
19.9,8.75,2,2.4,50.8,24,110.0
17.2,9.8,9,2.1,40.4,14,152.9
17.2,8.57,7,4.7,63.1,24,203.0
11.3,6.69,21,6.3,42.9,14,141.0
8.5,4.07,12,5.2,47.1,19,107.1
13.9,7.48,3,6.9,187.1,24,450.2
20.9,6.5,19,6.6,1.6,18,70.0
6.4,2.7,15,4.8,15.2,9,74.1
6.0,5.92,20,1.4,80.9,19,168.8
4.7,2.16,20,6.1,8.1,13,33.3
7.0,8.8,11,3.5,11.6,29,91.3
4.1,1.95,4,2.6,117.1,8,250.3
7.5,8.03,8,2.6,20.4,24,130.4
4.7,8.25,12,2.9,37.0,24,188.6
12.5,6.3,4,0.9,61.0,13,138.2
14.0,4.82,12,12.5,67.0,22,175.4
22.2,6.84,4,2.1,61.5,15,111.1
22.3,5.92,4,1.7,8.6,13,38.0
6.6,5.74,4,3.2,67.4,27,205.4
14.9,4.34,2,4.8,14.9,16,47.0
20.4,6.89,1,7.7,22.8,29,63.2
21.4,5.31,3,5.7,6.0,9,115.7
14.5,4.14,13,7.9,41.8,17,101.9
10.4,4.85,1,3.6,1.3,26,54.9
28.1,4.45,3,6.2,20.5,16,31.7
11.2,4.11,11,2.8,62.1,16,149.4
20.1,8.86,6,3.4,11.5,15,129.2
12.8,11.72,5,4.3,56.9,15,213.0
8.6,7.42,16,1.9,18.0,3,68.8
25.2,6.5,13,4.0,1.0,8,29.3
25.4,5.82,18,7.5,8.5,21,10.3
18.0,7.65,22,4.1,88.3,19,192.3
10.7,5.43,11,4.5,48.8,17,136.1
18.8,2.96,1,2.5,30.6,13,68.5
18.7,6.5,18,3.0,13.1,25,117.4
16.3,9.63,19,7.5,40.8,8,148.7
17.9,3.2,18,7.7,3.0,28,0.1
24.9,4.56,2,5.7,17.7,28,46.7
9.0,9.7,6,6.0,11.9,12,72.2
8.5,1.31,23,10.1,16.9,24,67.1
4.8,5.14,1,3.7,30.6,11,118.5
3.8,3.79,2,15.0,35.7,28,140.7
19.3,3.02,4,4.4,4.2,10,41.3
31.0,6.23,4,2.3,23.8,25,28.8
17.6,6.69,13,13.8,58.9,15,227.3
17.3,10.26,2,4.5,29.3,17,136.7
28.7,4.65,3,16.6,16.8,5,104.7
23.8,6.16,8,5.6,180.8,24,376.5
12.0,8.58,1,14.8,4.4,24,130.0
16.5,3.16,17,2.6,47.5,28,92.8
19.8,6.07,2,1.4,25.1,15,60.9
13.8,2.71,19,7.7,55.6,7,144.0
12.7,6.23,18,1.7,27.7,24,76.5
8.0,7.58,8,8.4,61.7,8,177.2
17.9,4.62,3,4.5,115.2,3,221.1
7.8,5.55,14,9.6,19.4,11,99.8
33.9,4.37,22,1.4,60.7,24,130.5
15.5,0.5,6,6.9,43.7,4,92.1
5.8,1.71,10,3.4,58.1,14,138.0
17.1,6.46,20,5.1,46.9,5,107.7
6.9,6.57,12,2.4,12.5,4,129.4
17.4,6.94,17,6.0,40.2,19,177.5
5.5,2.92,16,4.3,65.2,10,151.3
11.2,6.5,14,8.1,59.2,15,171.1
18.7,8.6,23,3.6,49.5,23,108.0
12.9,5.76,17,1.2,47.0,21,132.0
12.4,5.75,23,3.3,12.1,26,105.6
10.5,4.43,8,8.5,27.1,29,71.4
17.8,2.42,5,1.8,55.5,18,120.2
30.5,9.01,5,4.7,5.6,23,52.8
13.8,9.32,23,1.5,46.5,23,118.7
6.1,4.26,17,5.1,31.3,13,93.6
21.4,10.27,16,5.0,32.0,4,125.0
11.7,6.27,16,3.7,1.4,13,73.3
11.3,6.67,12,7.9,3.5,15,91.0
10.0,7.75,18,12.0,9.5,12,71.2
25.4,6.15,14,1.0,61.7,14,198.7
13.4,5.32,0,1.6,110.6,6,234.3
15.0,10.53,20,17.4,29.1,26,194.9
16.7,0.5,22,4.7,147.1,26,297.7
5.9,4.26,10,1.7,61.8,12,155.2
8.0,6.91,11,8.9,29.1,22,149.5
4.9,4.74,13,6.2,14.7,4,94.5
12.4,3.99,8,2.1,68.0,11,175.5
6.8,4.84,18,1.9,11.3,27,83.5
9.3,1.16,22,4.3,41.1,5,66.3
14.8,8.23,12,1.9,3.3,27,44.9
13.3,10.87,22,2.4,14.3,13,141.1
26.3,7.18,16,1.1,17.4,28,62.9
17.9,4.6,21,7.5,2.0,10,67.9
29.3,7.17,18,1.1,19.9,29,102.2
14.8,7.04,7,9.4,41.1,8,142.9
8.0,3.28,23,6.9,39.4,15,121.3
15.6,6.76,22,4.7,32.5,14,90.0
22.7,4.37,2,6.1,59.0,23,145.5
35.5,5.2,14,5.9,189.1,4,370.9
14.7,7.75,10,1.8,7.1,15,16.7
9.6,7.1,2,6.6,36.6,3,161.0
12.1,5.87,22,3.1,4.9,13,56.8
10.0,8.85,19,0.8,20.3,7,111.5
10.4,3.17,4,2.5,49.8,9,117.5
10.4,10.09,8,2.0,10.5,22,117.1
6.6,4.73,6,1.6,50.9,10,181.0
17.4,7.04,3,5.3,47.8,23,153.8
3.9,5.83,17,10.3,20.8,8,129.1
11.0,2.83,8,3.3,37.0,5,91.7
7.9,4.97,12,3.9,109.5,17,236.3
11.0,8.35,11,5.0,8.6,25,70.3
17.0,1.61,13,8.9,66.8,10,153.0
10.4,3.92,1,4.9,74.6,24,110.8
13.8,2.56,20,7.0,49.5,20,132.9
17.8,0.96,9,11.1,128.5,27,266.5
8.4,5.47,0,6.0,94.3,19,209.2
9.2,9.41,12,15.3,15.8,8,200.0
16.0,6.53,14,6.6,39.1,3,144.2
9.9,8.3,11,11.8,5.3,16,116.4
12.9,2.29,6,7.2,20.6,4,87.4
12.7,3.46,6,4.5,15.6,6,69.1
15.8,6.43,4,4.0,18.2,3,92.4
10.1,11.54,16,6.8,36.1,28,162.0
8.6,4.59,7,1.0,3.8,26,35.2
11.5,5.14,21,4.4,32.9,6,78.3
16.8,7.76,5,3.2,30.2,3,83.2
7.0,3.53,9,12.5,10.4,14,95.6
4.4,11.18,6,1.1,1.7,9,79.7
8.4,8.34,18,1.9,23.5,6,98.0
13.7,5.3,8,7.3,17.7,5,124.8
9.3,6.72,4,5.8,29.9,28,151.3
26.6,7.09,20,6.4,47.0,29,151.5
10.1,7.42,7,7.5,59.3,11,163.6
7.2,8.52,15,4.9,9.9,5,111.7
17.3,4.34,0,1.9,76.5,7,175.4
18.9,4.74,15,8.9,10.7,26,105.5
14.9,1.92,5,1.6,86.4,12,156.7
2.8,3.06,0,5.6,24.5,12,115.0
12.7,8.13,4,6.2,32.3,26,125.9
6.7,7.01,10,7.5,2.9,23,52.0
4.4,8.69,0,7.4,17.5,13,103.7
14.2,5.49,11,1.6,4.4,9,4.0
10.5,9.45,10,5.1,23.0,14,157.2
7.6,10.06,11,3.7,29.8,6,179.9
24.2,6.77,1,0.8,95.3,25,203.9
21.2,8.17,7,2.9,63.1,12,222.7
14.1,4.54,13,11.1,136.0,13,343.1
20.0,6.13,18,5.1,85.5,11,176.3
19.3,6.73,10,6.2,16.3,10,86.5
5.5,4.83,5,4.3,18.2,14,81.7
7.9,5.21,2,6.7,20.0,27,47.3
9.6,4.33,9,6.3,4.5,19,20.7
26.0,6.96,11,9.0,41.8,22,98.2
13.3,7.54,1,2.6,18.7,14,97.8
17.9,7.73,0,11.1,103.7,13,275.2
14.2,6.99,12,10.9,56.8,14,186.0
15.1,4.38,22,3.0,80.9,24,189.2
6.9,9.52,22,7.0,46.2,17,182.5
19.0,5.69,18,6.2,74.0,26,200.7
17.1,6.3,20,4.1,4.5,17,39.0
19.6,5.45,4,8.1,41.7,28,133.4
30.9,6.29,11,6.5,17.0,27,102.7
3.9,5.64,16,1.6,74.6,19,189.2
16.1,3.43,19,0.7,20.3,19,33.2
21.4,7.46,13,0.5,4.8,15,101.0
26.4,8.08,16,2.8,24.0,4,100.3
10.3,4.62,15,0.9,18.4,20,105.6
7.8,5.8,0,3.6,15.2,20,105.8
9.4,5.88,3,8.2,28.6,11,162.8
7.5,7.02,11,5.1,93.6,17,273.8
7.0,7.02,0,1.6,1.6,29,92.8
7.0,3.35,12,3.2,24.0,26,67.4
36.4,7.36,8,9.5,27.2,14,110.1
26.0,3.41,6,5.9,32.0,19,64.0
9.7,7.26,18,2.6,72.9,28,188.3
44.3,7.23,21,6.1,14.1,5,35.0
19.0,4.45,17,2.6,49.9,28,107.2
13.8,0.92,3,3.3,6.9,25,51.5
16.3,4.7,21,1.3,50.5,19,119.8
8.4,4.11,22,2.7,9.4,13,46.9
9.8,3.66,13,15.4,7.5,11,138.2
14.6,8.11,19,2.7,53.1,8,167.1
5.3,10.31,22,3.3,19.9,16,130.1
16.2,8.81,20,5.5,55.1,8,161.1
15.5,1.59,18,2.0,6.4,23,1.0
14.5,4.06,14,6.2,78.6,20,225.7
10.8,8.26,17,7.3,10.8,11,58.5
12.9,5.62,13,7.8,90.3,26,231.6
11.4,11.58,20,1.5,180.8,28,410.1
15.1,4.33,18,7.0,39.6,15,93.5
14.1,5.79,23,9.8,24.0,13,89.3
8.1,4.71,14,3.7,31.2,5,125.9
14.6,8.15,0,4.4,100.1,29,237.1
21.0,12.05,23,14.1,113.9,29,292.5
14.6,3.84,17,11.4,42.1,29,130.2
15.9,8.79,12,6.8,4.4,22,57.6
21.2,7.71,10,5.4,13.4,16,111.2
21.3,6.27,22,6.6,14.6,12,87.6
9.1,9.5,2,0.5,52.2,7,170.0
8.4,5.51,13,14.0,11.0,11,111.8
8.9,4.55,16,3.9,195.5,18,390.9
10.4,8.76,23,3.6,47.2,7,164.1
18.3,2.33,4,2.3,11.9,25,10.0
31.6,7.99,15,3.2,44.3,26,110.5
6.8,4.81,7,11.4,65.9,25,183.6
25.4,3.59,6,11.7,15.1,16,79.4
7.4,5.31,6,8.7,193.2,26,424.3
13.4,7.56,6,4.7,93.6,3,240.5
11.0,9.92,8,15.7,12.6,14,131.8
5.6,5.15,8,4.0,26.4,6,64.8
12.0,2.67,0,9.7,28.2,28,118.1
10.1,7.68,5,4.5,143.1,17,332.8
10.8,10.19,21,3.3,16.8,13,136.3
19.4,9.8,14,4.6,183.8,16,364.6
15.7,5.03,0,8.4,75.5,23,182.0
19.6,3.22,21,4.7,57.8,21,144.6
18.6,10.2,0,4.4,22.6,9,105.8
12.3,2.78,14,6.2,111.5,4,228.7
21.6,6.29,6,1.4,83.7,7,188.5
6.7,0.8,13,7.5,70.7,21,179.8
17.0,6.65,10,2.8,24.8,15,72.3
16.6,11.99,2,3.5,30.8,21,147.1
16.8,3.46,3,1.7,101.8,25,176.4
22.5,6.45,2,1.6,155.2,25,358.3
13.6,4.09,9,9.1,4.7,5,63.3
8.0,4.76,20,1.9,199.0,24,395.7
12.2,5.35,23,5.5,26.1,5,125.5
10.5,3.93,22,2.0,8.2,21,37.3
15.0,5.86,11,8.2,35.3,29,146.0
8.9,3.17,0,5.4,25.2,8,78.8
12.4,2.53,23,1.7,24.8,25,48.5
17.5,4.85,6,0.6,21.0,13,55.6
25.1,4.66,22,3.4,35.8,22,87.6
12.9,5.74,0,2.8,25.3,6,88.9
12.7,6.9,18,3.8,54.4,14,201.5
8.4,6.23,13,11.7,121.6,23,322.2
11.4,5.27,7,14.6,18.8,6,132.3
12.7,6.63,0,4.8,52.4,10,113.3
29.2,6.87,20,3.6,22.7,17,81.0
5.4,7.18,4,4.2,9.9,15,125.1
10.2,5.5,0,4.0,3.3,13,82.7
8.5,5.97,18,5.2,19.5,11,49.1
5.9,9.56,4,4.7,83.0,10,231.4
19.9,8.89,8,2.3,10.3,19,73.3
11.1,7.79,10,12.5,88.9,11,232.5
27.1,6.7,14,12.1,3.2,5,102.2
27.8,7.52,12,7.6,57.7,11,158.6
25.5,3.56,7,7.5,29.3,22,63.6
15.6,3.58,21,2.6,33.5,9,105.2
7.2,4.71,17,5.9,2.0,19,45.3
13.0,5.33,2,4.6,68.6,7,175.3
26.3,4.74,10,2.6,22.7,17,49.5
16.0,4.49,4,1.1,10.0,21,36.0
24.7,6.51,13,1.7,52.3,18,133.2
16.1,5.6,4,3.8,5.2,5,23.5
17.0,5.21,2,1.6,30.9,20,93.6
17.6,5.93,19,5.5,63.7,19,144.9
15.2,9.87,6,6.9,26.4,16,158.8
18.3,5.64,17,3.9,3.7,27,56.5
10.7,5.17,6,2.8,35.0,8,87.1
8.0,5.8,5,5.0,10.4,7,46.7
20.3,7.12,4,4.4,23.8,19,83.9
9.7,3.58,5,2.2,13.1,8,130.0
8.6,8.33,17,1.3,19.0,18,123.5
9.9,6.87,20,10.9,141.7,23,299.9
15.8,8.13,13,1.3,4.0,23,83.0
10.3,5.66,3,5.6,17.8,12,79.9
7.4,4.82,0,1.7,10.5,17,29.3
13.2,5.79,17,7.2,74.7,11,208.2
6.1,3.8,8,1.6,194.9,14,385.0
8.8,3.56,21,4.0,36.2,9,112.9
7.8,5.44,7,2.6,23.5,8,64.3
7.3,7.13,22,2.1,66.7,21,181.1
8.5,5.74,23,1.4,70.9,18,164.1
18.3,9.4,4,6.3,100.5,12,278.8
7.6,4.82,7,1.6,27.1,15,81.1
2.9,7.29,16,7.3,3.3,3,84.6
22.9,5.62,1,2.5,11.7,17,81.6
15.1,7.16,8,1.7,6.3,26,22.1
10.6,7.64,10,5.8,88.6,20,200.8
11.2,7.56,4,3.4,41.0,9,156.7
17.3,5.22,8,7.2,28.6,28,114.5
12.7,6.9,21,2.1,6.0,12,88.7
5.6,5.14,20,3.4,69.6,11,198.6
28.3,5.85,1,2.6,13.8,9,64.3
7.7,0.5,14,5.4,37.7,27,52.8
12.5,6.31,20,5.3,93.0,22,211.9
7.1,6.79,3,1.8,29.4,16,137.8
12.7,6.85,9,3.8,23.7,12,109.6
16.3,7.75,4,4.8,52.5,10,142.9
10.3,8.49,13,5.6,82.0,17,205.3
21.7,6.03,0,3.8,14.6,27,48.5
14.5,5.22,0,3.5,125.2,25,260.6
6.9,8.7,11,1.2,29.9,24,110.3
12.9,8.25,2,8.2,20.0,15,115.4
10.4,11.27,7,3.7,26.5,13,158.3
7.5,3.41,14,3.9,78.0,5,147.5
14.6,8.67,7,0.6,23.2,20,148.6
10.3,4.3,8,3.0,26.9,7,83.5
12.8,6.41,22,3.4,29.4,17,101.8
33.3,3.29,1,7.6,52.1,16,102.1
16.2,6.68,11,6.4,11.8,27,46.6
20.4,7.04,4,7.3,106.9,18,300.4
9.6,6.83,21,6.6,17.8,12,116.3
25.5,0.84,22,4.8,131.6,22,238.9
24.7,3.7,0,5.3,10.9,24,44.3
11.8,3.08,8,2.7,53.5,19,112.8
34.3,9.23,14,2.8,60.1,3,162.7
17.2,6.13,6,0.8,10.9,15,24.9
8.2,4.5,22,2.0,11.8,24,47.1
21.8,4.34,17,7.7,3.8,24,42.5
14.7,5.99,8,5.9,2.1,26,42.9
16.1,4.14,17,9.0,23.5,8,61.4
17.4,5.78,0,3.0,26.4,11,101.5
5.0,5.77,12,2.0,14.0,15,60.3
6.2,6.92,8,1.7,8.3,27,94.5
5.5,5.01,5,2.6,50.9,19,145.6
3.6,9.71,18,3.9,11.4,13,136.2
6.6,7.69,15,2.5,6.2,22,48.7
21.0,7.97,10,0.6,31.9,7,109.4
7.9,8.07,8,5.8,36.7,4,187.7
9.1,4.65,20,2.6,10.6,24,70.8
7.9,9.76,19,5.8,82.0,23,279.6
15.7,6.27,16,2.1,24.1,7,42.2
20.0,6.84,23,4.0,17.1,26,62.7
15.9,6.16,11,3.7,21.6,9,123.1
4.8,7.14,11,2.8,21.7,3,84.0
31.8,12.09,19,6.4,3.2,19,99.6
10.6,6.61,22,7.0,4.6,14,97.1
12.7,6.4,12,9.4,8.5,24,101.1
13.9,9.4,12,1.6,6.2,7,8.9
14.0,11.15,21,2.5,10.2,15,116.9
28.4,9.14,23,3.4,89.7,12,203.5
16.5,5.17,1,3.4,19.9,13,112.5
15.3,6.41,8,2.9,34.5,3,110.8
27.3,5.47,3,3.2,19.8,18,0.1
17.0,7.7,7,1.5,46.2,4,128.3
18.5,8.06,7,2.0,144.3,10,310.3
10.3,2.96,21,3.5,52.2,12,148.0
17.1,8.52,14,10.6,107.0,28,302.8
12.3,9.49,0,4.0,122.7,28,338.9
14.1,3.32,21,0.8,19.9,10,76.5
21.1,7.13,21,2.1,89.5,26,217.0
11.0,5.49,19,1.5,8.7,17,67.5
11.4,4.81,4,2.7,35.8,17,82.9
12.4,7.97,2,8.2,24.9,20,138.3
21.0,6.87,12,5.3,40.4,10,168.6
12.0,8.53,20,1.5,57.6,26,228.3
22.3,8.27,8,4.3,52.6,24,155.2
10.4,5.97,6,9.1,18.9,10,52.2
14.3,6.62,11,9.2,7.9,20,107.0
10.2,6.51,21,2.8,47.2,17,172.8
7.6,3.16,18,3.1,130.1,15,225.2
13.0,11.77,5,2.8,49.7,19,184.9
12.1,5.79,1,3.3,8.6,14,36.9
9.4,4.06,7,2.6,63.6,10,158.9
5.6,0.5,18,6.4,41.5,19,96.2
11.0,8.01,12,10.6,35.1,15,203.5
7.0,2.51,4,7.2,48.1,4,89.7
9.9,10.13,0,8.7,5.8,7,105.7
7.4,5.47,1,2.7,22.7,17,93.6
15.6,5.81,19,6.6,95.4,6,212.7
9.5,4.34,6,6.3,72.2,12,134.1
9.0,7.49,5,7.0,94.5,5,246.7
19.9,1.75,2,1.4,11.8,27,0.1
15.6,6.32,10,7.3,23.1,19,97.2
13.9,3.48,21,5.2,55.2,23,118.8
7.8,5.83,12,3.2,24.2,10,95.9
10.8,0.67,14,2.8,20.8,13,39.0
12.4,5.29,7,13.4,66.5,26,180.8
21.0,5.99,17,5.8,13.4,3,88.9
7.7,4.63,3,6.6,9.1,17,137.5
9.8,1.44,14,6.1,7.1,11,52.3
6.8,2.33,13,4.9,22.8,15,46.4
10.7,7.37,2,10.8,106.6,19,252.2
13.9,6.15,3,5.7,1.5,7,11.9
20.3,5.66,6,13.6,6.8,10,67.6
22.8,7.63,9,8.9,2.5,27,85.8
16.2,6.5,2,4.7,50.5,20,128.1
17.8,6.42,6,1.5,8.5,26,79.8
22.9,6.09,12,5.2,30.7,11,84.9
30.4,5.35,11,3.0,12.6,10,47.0
10.4,7.05,23,13.3,72.2,10,242.4
6.4,3.54,10,4.9,36.7,28,113.2
17.0,2.17,0,11.7,3.7,26,66.8
15.4,6.5,21,5.5,112.1,22,269.3
4.4,3.86,1,4.3,7.5,26,69.9
5.7,9.48,16,6.7,138.3,20,352.3
4.7,7.59,6,5.7,19.9,28,117.3
9.5,6.06,4,7.1,8.9,14,71.3
13.1,4.33,1,1.4,25.7,21,47.7
21.7,8.1,10,9.2,78.3,21,221.0
8.6,9.03,18,7.1,5.4,14,108.7
9.3,8.27,1,5.9,12.4,12,108.8
8.5,7.74,5,7.8,36.6,23,165.1
10.3,5.91,10,5.0,87.4,23,210.4
11.4,9.3,11,4.8,57.1,14,206.8
18.3,5.6,15,9.8,33.5,14,163.6
18.9,3.52,22,5.3,14.5,8,44.1
17.0,2.2,6,9.5,30.8,5,99.3
16.0,2.93,22,4.4,47.1,17,68.6
12.1,4.8,17,9.0,47.6,3,126.9
17.1,7.41,13,4.2,69.2,3,187.8
2.9,8.57,23,5.0,42.8,17,152.3
17.7,5.31,22,4.7,129.8,8,245.8
15.9,8.03,7,7.5,78.7,15,224.9
5.9,5.05,4,1.6,14.7,7,61.2
12.6,5.74,21,2.5,57.9,19,155.2
19.5,5.68,3,3.8,13.4,7,88.5
12.1,11.96,16,8.9,73.8,10,248.4
27.5,5.39,21,6.7,43.3,25,95.3
15.6,5.69,8,1.8,53.8,26,171.5
3.4,8.78,5,1.6,71.9,20,206.6
9.0,1.8,21,2.4,15.6,7,33.6
10.8,5.07,15,4.2,13.5,29,84.9
10.6,7.81,5,3.1,10.2,13,96.3
20.9,1.65,3,0.9,34.5,8,0.1
14.1,2.82,21,6.6,24.2,29,36.0
26.6,5.25,0,6.2,18.2,10,66.8
6.3,9.17,23,6.3,25.0,15,139.6
18.4,8.1,21,2.3,98.0,26,173.4
5.3,8.75,5,3.4,31.9,15,118.1
6.7,5.32,4,0.9,79.3,17,191.3
16.0,2.57,23,9.9,37.4,13,100.7
13.6,5.38,20,5.2,70.8,29,128.8
13.9,2.87,7,6.0,18.9,22,70.3
9.1,7.49,17,4.8,109.1,12,275.9
18.7,5.46,10,3.0,27.3,18,121.0
26.9,5.77,15,3.6,6.7,15,26.6
13.3,4.8,3,6.9,33.3,13,130.0
13.5,1.32,4,14.4,8.6,27,66.3
3.3,3.85,17,1.4,4.3,18,43.8
10.5,5.0,6,7.9,41.7,3,131.7
16.4,4.63,11,4.2,12.4,26,49.3
5.1,5.5,14,5.4,5.3,24,63.6
14.7,4.04,8,1.7,27.8,5,67.7
5.6,6.71,0,4.9,29.2,21,116.7
9.5,6.1,14,2.1,23.5,23,56.0
8.1,4.87,10,6.7,10.0,4,87.0
28.9,5.49,15,14.6,51.8,3,163.2
14.6,3.28,0,2.7,39.7,5,121.6
7.1,5.38,0,4.1,237.7,18,461.9
6.4,7.39,8,0.9,71.3,9,165.0
10.2,5.17,0,5.5,9.0,25,43.6
23.8,6.68,17,6.7,57.4,16,107.6
6.5,5.11,2,4.4,50.0,26,103.4
18.3,1.88,16,5.4,19.0,24,56.8
26.1,4.65,10,1.8,56.3,25,115.5
10.4,4.06,16,3.9,40.6,7,87.7
13.2,4.86,1,1.3,12.8,13,35.6
6.8,7.1,13,3.9,8.9,22,102.2
10.5,4.55,2,5.2,119.1,6,250.8
33.1,7.23,4,4.1,73.3,11,151.6
9.2,6.27,6,10.9,23.8,17,111.6
29.0,10.15,8,5.0,53.4,15,109.0
16.7,9.94,9,4.7,54.8,20,187.8
22.1,9.79,1,1.9,78.1,5,229.6
10.4,7.59,0,11.6,1.9,7,74.0
16.5,6.71,19,2.9,11.2,10,68.3
6.7,4.4,3,5.6,6.2,6,33.2
18.5,7.89,23,1.8,12.1,9,111.3
3.3,4.7,18,2.0,34.5,28,123.3
10.3,5.15,17,4.0,130.5,9,331.4
33.0,6.45,11,6.0,23.3,22,82.0
10.5,4.21,5,3.9,53.7,18,128.4
12.8,7.59,14,5.2,77.4,12,231.9
13.2,2.74,11,6.3,20.8,13,28.5
38.3,4.34,21,3.3,17.8,4,38.0
17.4,10.74,4,7.6,32.6,14,137.4
15.0,5.66,18,7.5,9.8,22,96.5
14.0,4.71,9,1.8,63.6,10,103.9
8.4,8.7,22,4.8,100.5,19,240.1
9.5,6.57,22,13.0,4.7,9,72.9
9.9,1.58,6,2.1,1.1,29,37.0
15.7,5.42,12,3.1,32.8,28,109.4
26.3,5.66,8,12.0,68.8,22,153.0
19.1,4.6,20,6.1,7.4,9,44.8
14.4,7.67,23,3.7,37.8,18,63.5
6.9,6.08,1,3.7,8.6,17,89.5
5.6,7.88,7,3.7,35.4,15,78.0
12.0,4.9,4,1.0,3.1,14,49.6
9.8,2.15,14,2.5,2.1,9,39.8
9.8,7.52,16,1.1,21.3,13,117.8
12.5,3.07,11,3.7,56.1,27,125.5
7.3,4.54,1,1.4,52.1,28,153.1
7.2,4.18,15,0.9,101.5,8,231.3
30.5,4.75,21,0.8,1.5,27,10.1
14.1,8.01,17,2.0,18.3,22,87.6
7.8,4.11,13,4.6,31.5,4,139.5
20.9,9.4,14,9.3,104.8,25,258.6
8.1,6.53,8,1.5,100.9,15,224.8
2.7,7.28,21,5.7,20.6,28,113.7
8.6,3.13,5,7.3,49.6,28,179.4
18.3,6.75,0,2.0,3.3,8,38.0
8.2,5.84,11,4.3,55.6,21,106.7
7.1,4.27,13,7.6,93.0,29,270.0
6.0,5.32,13,8.8,15.5,13,74.1
12.2,7.15,14,3.0,148.8,27,313.4
19.8,0.6,5,15.0,19.0,14,56.0
5.1,4.48,19,5.7,21.6,7,125.1
25.9,6.92,16,11.3,53.9,23,186.1
18.3,8.64,9,4.2,19.8,12,116.7
14.1,4.78,19,6.8,57.2,21,128.9
18.6,7.94,4,3.9,2.3,23,66.1
27.4,2.74,12,2.8,8.1,3,12.6
14.5,7.01,16,13.1,14.3,7,93.9
19.4,7.87,12,6.5,4.2,15,70.6
17.9,7.14,12,5.7,39.8,24,83.0
9.4,7.84,21,5.8,14.3,3,74.6
10.5,6.51,4,5.5,38.6,18,126.6
8.5,5.36,4,4.2,22.2,7,102.8
11.2,6.55,13,8.7,104.6,3,243.9
23.0,9.09,6,3.5,72.3,4,190.9
17.1,5.62,19,4.1,14.3,20,74.0
13.3,5.45,16,4.3,44.8,5,98.1
9.0,8.2,22,8.7,46.8,28,187.7
6.9,3.86,1,5.6,5.3,15,69.3
20.3,7.92,11,6.5,23.7,28,98.1
7.4,5.47,13,5.4,29.4,20,102.1
10.2,2.9,6,9.5,19.5,15,74.8
20.1,3.14,0,2.6,13.3,20,86.2
21.2,7.58,4,4.5,67.7,9,206.9
9.9,6.64,19,4.8,11.6,27,106.8
9.2,4.82,3,10.1,13.2,15,91.1
25.2,6.31,16,2.8,5.8,23,66.5
15.4,4.46,5,4.9,116.6,4,251.1
20.7,2.31,16,7.3,7.7,11,57.8
11.3,4.72,3,3.0,21.2,17,43.6
11.4,3.55,22,10.5,28.6,9,139.9
17.4,4.04,12,4.7,5.5,6,56.8
7.2,1.71,16,4.8,7.5,8,41.6
14.1,6.25,1,10.7,63.8,18,165.0
10.7,9.19,14,7.0,46.8,25,177.6
7.3,4.75,21,9.5,70.9,4,201.7
39.1,7.23,6,2.6,45.6,23,135.2
10.1,1.41,5,6.9,20.8,15,41.4
14.4,4.23,9,10.1,57.8,9,152.6
7.6,8.09,16,4.1,58.7,4,153.8
17.1,6.3,0,13.1,10.8,3,128.5
20.0,6.85,9,5.2,71.4,13,174.0
14.7,10.16,6,19.7,43.0,29,209.9
15.0,4.69,5,2.9,30.4,21,100.0
21.1,4.64,15,10.6,76.1,9,187.7
42.8,4.37,5,2.1,3.4,22,0.1
17.0,6.7,19,5.2,24.0,26,105.7
15.6,5.11,23,7.3,46.6,10,77.4
21.9,1.24,19,0.8,37.9,28,54.5
14.6,7.71,5,6.8,1.2,20,51.6
18.6,7.15,22,3.2,17.3,6,54.6
13.1,4.79,2,6.0,20.7,23,74.4
15.7,4.95,22,3.4,27.7,27,61.8
6.4,4.6,7,2.2,4.2,28,24.8
13.5,5.41,9,3.2,39.8,19,110.8
10.7,7.36,8,5.5,34.6,21,135.3
8.4,5.0,9,0.5,75.9,9,186.7
8.8,7.87,4,12.5,60.6,24,190.2
16.0,8.7,16,4.6,43.1,15,177.1
11.9,7.55,9,8.4,1.9,5,78.8
12.6,2.73,18,1.5,3.3,12,48.5
23.3,4.45,20,3.5,3.0,18,25.7
7.2,8.21,7,7.3,37.2,20,153.7
23.3,5.64,22,4.0,17.0,9,58.8
18.3,11.98,14,6.6,123.4,23,290.7
9.8,7.5,11,3.6,34.4,27,128.0
15.0,2.26,8,5.3,1.4,13,59.5
11.9,8.28,0,2.7,43.9,16,162.9
20.2,4.95,10,4.5,62.5,27,137.9
8.1,3.77,4,1.9,8.2,16,10.2
14.4,3.04,3,9.6,37.0,21,88.3
3.3,6.84,10,5.9,21.5,4,149.0
8.5,4.46,18,10.0,12.7,8,61.3
15.2,6.9,8,2.2,32.4,15,83.1
10.1,4.32,1,2.2,43.5,17,145.8
16.0,4.22,16,2.7,35.6,5,146.3
12.2,5.5,11,5.0,69.2,17,143.5
29.4,7.62,14,1.7,30.3,25,121.3
20.9,5.94,18,3.7,2.1,11,31.3
12.2,5.15,1,5.9,44.6,14,161.0
24.5,4.97,8,9.1,2.5,23,19.9
18.3,6.33,15,5.1,3.7,6,47.6
8.9,5.61,19,3.9,29.9,19,86.4
6.2,7.9,8,1.8,25.1,10,58.9
5.5,1.26,11,5.7,3.0,28,16.1
6.0,1.92,2,2.5,10.4,21,59.5
12.6,5.06,13,0.8,9.3,28,80.8
26.0,2.89,9,10.6,43.6,7,71.2
6.6,6.3,8,1.0,31.7,3,121.3
25.3,6.84,19,4.2,2.6,12,41.4
12.9,6.95,16,2.8,101.6,16,198.2
16.1,4.63,21,3.1,36.8,16,121.2
19.4,7.32,17,3.7,64.9,9,131.0
6.5,8.57,9,4.2,14.0,14,103.1
6.3,5.5,6,5.4,1.6,4,61.6
22.4,3.99,13,1.2,40.4,17,82.0
34.9,5.39,7,8.6,29.8,15,92.7
24.4,3.32,4,6.3,37.6,4,122.0
19.6,7.93,17,4.8,86.5,15,206.3
7.0,8.29,11,4.6,10.4,29,112.6
12.6,3.39,12,5.8,5.1,10,29.2
9.2,8.72,18,2.3,9.7,22,98.8
23.4,6.93,0,8.4,18.0,26,112.1
15.1,7.85,21,1.0,3.4,5,68.1
13.1,7.63,1,5.6,25.0,12,73.9
6.3,5.86,12,1.5,13.3,7,76.0
4.7,4.18,5,6.5,5.6,12,62.0
10.6,3.77,23,3.6,11.3,8,71.2
5.2,7.82,5,6.4,3.8,25,47.0
18.5,3.65,13,3.7,12.8,13,27.6
8.3,5.84,2,7.7,24.5,5,132.4
10.9,5.63,16,5.4,2.6,29,82.4
12.1,4.15,1,1.6,14.3,20,48.0
10.3,5.81,18,7.0,3.2,11,45.4
7.3,7.77,11,5.7,116.6,8,254.4
35.5,7.77,0,4.9,20.3,4,94.5
11.6,4.14,14,1.2,2.2,3,26.8
11.6,5.06,1,7.8,7.6,15,43.0
23.9,3.68,19,3.8,156.0,29,320.8
21.9,7.61,21,2.6,23.8,25,76.5
9.1,6.14,3,6.4,19.7,14,74.9
23.2,4.43,15,7.1,59.5,3,149.7
12.5,5.42,9,2.9,9.3,17,58.6
10.0,8.19,15,2.8,18.7,16,111.0
16.0,8.61,20,5.3,90.3,16,299.0
5.9,6.93,16,8.9,14.6,16,64.3
11.1,7.18,18,5.0,21.0,14,103.5
4.8,6.2,3,11.8,2.8,19,94.8
11.4,7.67,12,6.4,117.5,11,322.3
23.2,3.19,1,3.2,12.1,27,32.6
34.1,3.26,1,4.1,40.2,3,43.7
16.0,4.0,5,4.7,76.9,21,186.7
17.1,8.96,6,4.9,45.0,20,126.8
13.7,6.23,1,5.1,68.0,11,209.2
21.6,3.13,5,2.5,72.2,16,147.6
19.5,5.4,8,8.5,33.4,24,99.2
3.7,4.75,13,13.3,42.7,9,195.0
8.3,7.69,21,2.5,7.3,19,103.7
12.1,7.18,13,7.2,58.5,3,141.9
24.1,8.64,5,4.0,199.5,27,413.0
22.8,5.62,13,3.1,102.6,26,204.5
11.0,4.71,16,2.9,73.4,9,138.9
15.1,4.68,15,1.2,36.5,21,90.4
26.0,4.89,13,4.0,66.8,20,117.4
14.8,8.57,12,6.1,56.5,22,212.2
26.5,5.79,4,3.9,4.8,12,49.9
18.4,6.41,19,2.2,84.8,10,168.3
30.9,4.08,12,4.5,46.0,18,116.7
15.4,4.92,16,2.9,11.9,18,29.6
13.4,9.03,9,12.4,62.6,17,247.3
9.7,6.48,14,9.4,111.7,14,249.5
3.5,5.75,22,6.3,69.4,15,229.5
9.2,6.12,4,12.2,25.1,5,84.2
9.7,10.54,8,4.1,10.6,16,131.7
